roi_id,peak_number,frame_index,time_s,dff_value,prominence,left_base,right_base,x0,y0,w,h,x1,y1
1,1,16,0.8,0.09610509872436523,0.08584280954383752,4,1828,516,131,62,51,578,182
1,2,62,3.1,0.058001138269901276,0.055088363644591624,38,102,516,131,62,51,578,182
1,3,160,8.0,0.08620528876781464,0.0797185699870408,102,188,516,131,62,51,578,182
1,4,211,10.55,0.0826965868473053,0.08339378683844748,188,766,516,131,62,51,578,182
1,5,254,12.7,0.04510081186890602,0.04078467813339531,228,309,516,131,62,51,578,182
1,6,299,14.95,0.039696983993053436,0.03875753637188645,289,309,516,131,62,51,578,182
1,7,338,16.9,0.040446050465106964,0.03588204570382206,309,397,516,131,62,51,578,182
1,8,422,21.1,0.03979084640741348,0.03845838250819056,309,436,516,131,62,51,578,182
1,9,471,23.55,0.041542232036590576,0.04810758560127276,309,485,516,131,62,51,578,182
1,10,481,24.05,0.02656053565442562,0.03470008400727035,475,485,516,131,62,51,578,182
1,11,553,27.65,0.043652214109897614,0.03919446868492582,485,614,516,131,62,51,578,182
1,12,583,29.15,0.03136344254016876,0.032442147255303255,577,614,516,131,62,51,578,182
1,13,628,31.4,0.038874853402376175,0.04644118581098257,485,707,516,131,62,51,578,182
1,14,653,32.65,0.03465647250413895,0.03254811112929276,637,707,516,131,62,51,578,182
1,15,743,37.15,0.06500421464443207,0.047912736693824357,309,754,516,131,62,51,578,182
1,16,751,37.55,0.06138681247830391,0.037851559959431125,746,754,516,131,62,51,578,182
1,17,758,37.9,0.07625101506710052,0.06951433967519728,309,766,516,131,62,51,578,182
1,18,763,38.15,0.04972770810127258,0.04107523796328108,761,766,516,131,62,51,578,182
1,19,770,38.5,0.08699739724397659,0.10775616935936658,188,784,516,131,62,51,578,182
1,20,778,38.9,0.09022882580757141,0.0743828651946224,774,784,516,131,62,51,578,182
1,21,790,39.5,0.10772494226694107,0.1341136394392979,784,825,516,131,62,51,578,182
1,22,811,40.55,0.0820569321513176,0.10614679010296436,803,825,516,131,62,51,578,182
1,23,833,41.65,0.09678112715482712,0.10095284637043817,825,1800,516,131,62,51,578,182
1,24,869,43.45,0.0508706159889698,0.04059135747955671,837,907,516,131,62,51,578,182
1,25,965,48.25,0.038705673068761826,0.04868278459092826,837,1047,516,131,62,51,578,182
1,26,998,49.9,0.037306539714336395,0.04681794390432058,991,1047,516,131,62,51,578,182
1,27,1035,51.75,0.043621260672807693,0.035052372990618204,1018,1047,516,131,62,51,578,182
1,28,1062,53.1,0.048715271055698395,0.06048704479899823,1047,1110,516,131,62,51,578,182
1,29,1193,59.65,0.05595226213335991,0.045952006282706945,1110,1212,516,131,62,51,578,182
1,30,1231,61.55,0.09017574042081833,0.04247968264047325,1047,1243,516,131,62,51,578,182
1,31,1258,62.9,0.09927482157945633,0.08627898834620201,1047,1800,516,131,62,51,578,182
1,32,1301,65.05,0.02170482836663723,0.0337369591658167,1277,1326,516,131,62,51,578,182
1,33,1352,67.6,0.05018959566950798,0.054836607787890956,1277,1709,516,131,62,51,578,182
1,34,1395,69.75,0.027020283043384552,0.033839164568297414,1379,1417,516,131,62,51,578,182
1,35,1429,71.45,0.041478484869003296,0.03888781385042727,1417,1445,516,131,62,51,578,182
1,36,1463,73.15,0.03995559364557266,0.03977274401794591,1417,1470,516,131,62,51,578,182
1,37,1483,74.15,0.033334970474243164,0.0439952115064555,1417,1709,516,131,62,51,578,182
1,38,1549,77.45,0.03666391596198082,0.03393403271722101,1526,1557,516,131,62,51,578,182
1,39,1566,78.3,0.040256306529045105,0.039273651254585276,1526,1578,516,131,62,51,578,182
1,40,1583,79.15,0.030426181852817535,0.03488125610627831,1578,1589,516,131,62,51,578,182
1,41,1607,80.35,0.046584371477365494,0.0366394324982797,1578,1612,516,131,62,51,578,182
1,42,1623,81.15,0.048677124083042145,0.03799855028295861,1578,1647,516,131,62,51,578,182
1,43,1658,82.9,0.045027706772089005,0.04208015888153949,1578,1692,516,131,62,51,578,182
1,44,1704,85.2,0.050293128937482834,0.04616327232214662,1578,1709,516,131,62,51,578,182
1,45,1720,86.0,0.042413223534822464,0.056164172395908527,1709,1729,516,131,62,51,578,182
1,46,1764,88.2,0.06303537636995316,0.0676764833353894,1709,1800,516,131,62,51,578,182
1,47,1795,89.75,0.0457845963537693,0.03573763199968287,1792,1800,516,131,62,51,578,182
1,48,1805,90.25,0.10330555588006973,0.08517062175520132,825,1808,516,131,62,51,578,182
1,49,1816,90.8,0.12331970036029816,0.15716128564458293,784,1828,516,131,62,51,578,182
1,50,1840,92.0,0.09485992044210434,0.11941043242307198,1828,1853,516,131,62,51,578,182
1,51,1860,93.0,0.12354663759469986,0.15312282282220407,1828,2512,516,131,62,51,578,182
1,52,1879,93.95,0.09103700518608093,0.05109397223668747,1866,1917,516,131,62,51,578,182
1,53,1904,95.2,0.08383549749851227,0.03545328595679229,1890,1917,516,131,62,51,578,182
1,54,1930,96.5,0.11798660457134247,0.10778373715685283,1917,2512,516,131,62,51,578,182
1,55,1945,97.25,0.06330735981464386,0.04961407379494757,1940,1954,516,131,62,51,578,182
1,56,1960,98.0,0.03126189112663269,0.04096209510533347,1954,1964,516,131,62,51,578,182
1,57,2016,100.8,0.06858623772859573,0.07092749091323503,1954,2357,516,131,62,51,578,182
1,58,2055,102.75,0.04568187892436981,0.035152766607499546,2034,2084,516,131,62,51,578,182
1,59,2097,104.85,0.04967997223138809,0.048345420043299836,2034,2357,516,131,62,51,578,182
1,60,2159,107.95,0.027919769287109375,0.03822503902220314,2106,2220,516,131,62,51,578,182
1,61,2275,113.75,0.042279377579689026,0.04203179071143773,2106,2357,516,131,62,51,578,182
1,62,2310,115.5,0.029262712225317955,0.032658356110649586,2305,2357,516,131,62,51,578,182
1,63,2386,119.3,0.07985600084066391,0.041967346891014376,2357,2396,516,131,62,51,578,182
1,64,2431,121.55,0.12244829535484314,0.10405897268855947,2357,2512,516,131,62,51,578,182
1,65,2552,127.6,0.17931295931339264,0.17868241815230093,1828,2608,516,131,62,51,578,182
1,66,2589,129.45,0.16908001899719238,0.1486143836786485,2566,2608,516,131,62,51,578,182
1,67,2624,131.2,0.0908454954624176,0.06902094412341633,2608,2638,516,131,62,51,578,182
1,68,2662,133.1,0.10087881237268448,0.10033986533906186,2608,3299,516,131,62,51,578,182
1,69,2685,134.25,0.04860435798764229,0.034135254046626,2674,2699,516,131,62,51,578,182
1,70,2746,137.3,0.05950501188635826,0.06591417907104147,2699,2793,516,131,62,51,578,182
1,71,2767,138.35,0.05831802263855934,0.04987921605918862,2763,2793,516,131,62,51,578,182
1,72,2785,139.25,0.0349322184920311,0.03716786666144878,2775,2793,516,131,62,51,578,182
1,73,2799,139.95,0.05617648735642433,0.07183840168535569,2793,2829,516,131,62,51,578,182
1,74,2815,140.75,0.039125096052885056,0.03511323960604229,2806,2829,516,131,62,51,578,182
1,75,2837,141.85,0.0259665846824646,0.038106387176880106,2829,2860,516,131,62,51,578,182
1,76,2871,143.55,0.04183162748813629,0.03158761866159757,2860,2897,516,131,62,51,578,182
1,77,2911,145.55,0.05865130573511124,0.07021404680523294,2829,3190,516,131,62,51,578,182
1,78,2953,147.65,0.03866224363446236,0.04359571618153498,2933,3008,516,131,62,51,578,182
1,79,2981,149.05,0.04107678681612015,0.036993914055787044,2972,3008,516,131,62,51,578,182
1,80,3063,153.15,0.06206394359469414,0.04823862659752717,3008,3190,516,131,62,51,578,182
1,81,3180,159.0,0.05280999466776848,0.04097499532691509,3164,3190,516,131,62,51,578,182
1,82,3237,161.85,0.07821033149957657,0.08022368746416872,2829,3299,516,131,62,51,578,182
1,83,3294,164.7,0.020427508279681206,0.04127882898317364,3283,3299,516,131,62,51,578,182
1,84,3304,165.2,0.05038071796298027,0.04360356935014789,3299,3309,516,131,62,51,578,182
1,85,3315,165.75,0.05111180990934372,0.03515950111587152,3299,3325,516,131,62,51,578,182
1,86,3338,166.9,0.08226530253887177,0.08930140935984594,3299,3841,516,131,62,51,578,182
1,87,3366,168.3,0.07409389317035675,0.03911063535376698,3356,3841,516,131,62,51,578,182
1,88,3424,171.2,0.031879525631666183,0.04617524227455642,3389,3435,516,131,62,51,578,182
1,89,3482,174.1,0.054614417254924774,0.05412586295781176,3389,3565,516,131,62,51,578,182
1,90,3535,176.75,0.05078601837158203,0.03800659092535581,3526,3565,516,131,62,51,578,182
1,91,3595,179.75,0.030259406194090843,0.03699066548031407,3565,3602,516,131,62,51,578,182
1,92,3632,181.6,0.04366658627986908,0.058144020660047084,3389,3823,516,131,62,51,578,182
1,93,3775,188.75,0.04523491859436035,0.05204779207525491,3740,3823,516,131,62,51,578,182
1,94,3829,191.45,0.038295142352581024,0.07093640094925442,3389,3841,516,131,62,51,578,182
1,95,3876,193.8,0.07297271490097046,0.08561349014176038,3841,3962,516,131,62,51,578,182
1,96,3901,195.05,0.06753461062908173,0.08075288795449674,3890,3962,516,131,62,51,578,182
1,97,3982,199.1,0.06713319569826126,0.0622820442328093,3962,3999,516,131,62,51,578,182
2,1,17,0.85,0.11318008601665497,0.09728730575096632,5,188,341,298,34,32,375,330
2,2,74,3.7,0.09968697279691696,0.08420781239213103,38,188,341,298,34,32,375,330
2,3,164,8.2,0.052374694496393204,0.0624681949605289,102,188,341,298,34,32,375,330
2,4,211,10.55,0.08780508488416672,0.10272175689182753,188,425,341,298,34,32,375,330
2,5,254,12.7,0.04269774258136749,0.04619454846214664,228,386,341,298,34,32,375,330
2,6,416,20.8,0.07545634359121323,0.07184550421079693,386,425,341,298,34,32,375,330
2,7,430,21.5,0.05293847247958183,0.06137499636496396,425,436,341,298,34,32,375,330
2,8,471,23.55,0.05622043088078499,0.06943810490851256,425,485,341,298,34,32,375,330
2,9,520,26.0,0.05255630239844322,0.06540685436773333,425,603,341,298,34,32,375,330
2,10,584,29.2,0.061963409185409546,0.050017352506810414,525,603,341,298,34,32,375,330
2,11,628,31.4,0.05511590465903282,0.04786372395341145,603,637,341,298,34,32,375,330
2,12,698,34.9,0.10159395635128021,0.04221106403819272,603,712,341,298,34,32,375,330
2,13,719,35.95,0.11625253409147263,0.08789138283525214,425,728,341,298,34,32,375,330
2,14,732,36.6,0.11428714543581009,0.08591120707983252,728,738,341,298,34,32,375,330
2,15,743,37.15,0.18717654049396515,0.17382207293900098,188,754,341,298,34,32,375,330
2,16,758,37.9,0.0,0.056847734530777225,754,761,341,298,34,32,375,330
2,17,777,38.85,0.19152648746967316,0.2633931563162941,754,1799,341,298,34,32,375,330
2,18,789,39.45,0.1836472898721695,0.22816447393105543,783,1773,341,298,34,32,375,330
2,19,821,41.05,0.09292959421873093,0.09635534032727261,805,826,341,298,34,32,375,330
2,20,833,41.65,0.12052427977323532,0.13542094221221831,805,1048,341,298,34,32,375,330
2,21,852,42.6,0.07831989228725433,0.05315268647338861,838,926,341,298,34,32,375,330
2,22,913,45.65,0.055970847606658936,0.044483419919197464,907,926,341,298,34,32,375,330
2,23,938,46.9,0.09645159542560577,0.045378306219099634,926,991,341,298,34,32,375,330
2,24,998,49.9,0.0964503139257431,0.08985542589210196,926,1048,341,298,34,32,375,330
2,25,1023,51.15,0.05271490663290024,0.04881115204786027,1018,1048,341,298,34,32,375,330
2,26,1094,54.7,0.06431656330823898,0.08235195783150481,1048,1158,341,298,34,32,375,330
2,27,1147,57.35,0.044670701026916504,0.049919135801138756,1110,1158,341,298,34,32,375,330
2,28,1193,59.65,0.08033286780118942,0.057223632509679906,1158,1212,341,298,34,32,375,330
2,29,1231,61.55,0.11836647987365723,0.05046181541452558,1048,1237,341,298,34,32,375,330
2,30,1258,62.9,0.12589043378829956,0.12711773350498795,1048,1710,341,298,34,32,375,330
2,31,1295,64.75,0.05422300472855568,0.0642867811754629,1277,1323,341,298,34,32,375,330
2,32,1364,68.2,0.05970311909914017,0.07963783583858208,1277,1446,341,298,34,32,375,330
2,33,1395,69.75,0.04493821784853935,0.046846912250575495,1375,1446,341,298,34,32,375,330
2,34,1483,74.15,0.06313562393188477,0.06034112458391687,1277,1506,341,298,34,32,375,330
2,35,1534,76.7,0.07787320017814636,0.10175789950066078,1277,1710,341,298,34,32,375,330
2,36,1607,80.35,0.06893838942050934,0.07112150778262613,1577,1710,341,298,34,32,375,330
2,37,1622,81.1,0.05844304710626602,0.07489607413284435,1613,1710,341,298,34,32,375,330
2,38,1658,82.9,0.07658348977565765,0.049880021747521056,1648,1664,341,298,34,32,375,330
2,39,1671,83.55,0.08300979435443878,0.060192600721034314,1648,1710,341,298,34,32,375,330
2,40,1697,84.85,0.08827278763055801,0.054566206348241726,1679,1710,341,298,34,32,375,330
2,41,1720,86.0,0.1079254299402237,0.08264665014757899,1710,1726,341,298,34,32,375,330
2,42,1747,87.35,0.1618334949016571,0.1390456656592693,805,1759,341,298,34,32,375,330
2,43,1764,88.2,0.21452374756336212,0.1972398144894421,805,1773,341,298,34,32,375,330
2,44,1784,89.2,0.24162587523460388,0.25708709164328036,783,1799,341,298,34,32,375,330
2,45,1805,90.25,0.3078707158565521,0.3477359946438404,1799,2566,341,298,34,32,375,330
2,46,1816,90.8,0.228232279419899,0.20418325196258658,1811,2566,341,298,34,32,375,330
2,47,1850,92.5,0.0839456170797348,0.058724729943645554,1831,1854,341,298,34,32,375,330
2,48,1860,93.0,0.14098763465881348,0.13875700252075074,1831,1955,341,298,34,32,375,330
2,49,1879,93.95,0.11072751879692078,0.05115297706471117,1874,1923,341,298,34,32,375,330
2,50,1905,95.25,0.09228674322366714,0.061685505853222945,1891,1923,341,298,34,32,375,330
2,51,1935,96.75,0.09611416608095169,0.09397875520910892,1923,1955,341,298,34,32,375,330
2,52,1944,97.2,0.0625939890742302,0.04773066617600426,1940,1955,341,298,34,32,375,330
2,53,1961,98.05,0.04289137199521065,0.056480347861672865,1955,1985,341,298,34,32,375,330
2,54,2017,100.85,0.12836934626102448,0.11761412466347368,1955,2357,341,298,34,32,375,330
2,55,2047,102.35,0.10803845524787903,0.05863824040461395,2033,2357,341,298,34,32,375,330
2,56,2212,110.6,0.04475586488842964,0.04401489473854435,2085,2236,341,298,34,32,375,330
2,57,2275,113.75,0.053378913551568985,0.06509009953098457,2085,2357,341,298,34,32,375,330
2,58,2375,118.75,0.1159580871462822,0.09166676607682431,2357,2398,341,298,34,32,375,330
2,59,2431,121.55,0.18967905640602112,0.180206511357888,1831,2512,341,298,34,32,375,330
2,60,2498,124.9,0.06834986060857773,0.045285024217754724,2483,2512,341,298,34,32,375,330
2,61,2535,126.75,0.23147626221179962,0.2690789938398431,1831,2566,341,298,34,32,375,330
2,62,2593,129.65,0.1662708967924118,0.155101598165992,2566,2736,341,298,34,32,375,330
2,63,2624,131.2,0.16536112129688263,0.13208910205246344,2610,2736,341,298,34,32,375,330
2,64,2654,132.7,0.09865039587020874,0.06397062684457587,2644,2694,341,298,34,32,375,330
2,65,2716,135.8,0.1121613010764122,0.13044715404257332,2694,2736,341,298,34,32,375,330
2,66,2747,137.35,0.11385130137205124,0.12902911369372727,2736,3291,341,298,34,32,375,330
2,67,2783,139.15,0.08314347267150879,0.05869739337304663,2763,3188,341,298,34,32,375,330
2,68,2799,139.95,0.06386668980121613,0.06255324509347582,2793,2829,341,298,34,32,375,330
2,69,2833,141.65,0.048265211284160614,0.044167916981591664,2829,2860,341,298,34,32,375,330
2,70,2892,144.6,0.07096974551677704,0.08039081836079631,2793,3188,341,298,34,32,375,330
2,71,2958,147.9,0.056177642196416855,0.04921319427292199,2922,3038,341,298,34,32,375,330
2,72,3074,153.7,0.04995284602046013,0.05246908592243618,3038,3188,341,298,34,32,375,330
2,73,3136,156.8,0.049551792442798615,0.06230162902752013,3091,3188,341,298,34,32,375,330
2,74,3173,158.65,0.058793261647224426,0.04904465632702718,3163,3188,341,298,34,32,375,330
2,75,3222,161.1,0.12617719173431396,0.10880704346072109,3188,3291,341,298,34,32,375,330
2,76,3237,161.85,0.10575298964977264,0.046492212198763816,3233,3291,341,298,34,32,375,330
2,77,3305,165.25,0.04698496311903,0.056233647665976716,3291,3310,341,298,34,32,375,330
2,78,3315,165.75,0.04335208237171173,0.044821446270511545,3310,3329,341,298,34,32,375,330
2,79,3346,167.3,0.08873645961284637,0.10073990162790779,3291,3566,341,298,34,32,375,330
2,80,3393,169.65,0.05105704441666603,0.05060552102164434,3389,3435,341,298,34,32,375,330
2,81,3460,173.0,0.0543394535779953,0.057760993484469114,3435,3526,341,298,34,32,375,330
2,82,3536,176.8,0.052852269262075424,0.07384869421636919,3435,3566,341,298,34,32,375,330
2,83,3618,180.9,0.07720841467380524,0.0787663154496657,3566,3808,341,298,34,32,375,330
2,84,3788,189.4,0.05885066092014313,0.05406318660193632,3674,3808,341,298,34,32,375,330
2,85,3812,190.6,0.060770079493522644,0.045115970910279454,3808,3816,341,298,34,32,375,330
2,86,3829,191.45,0.08190592378377914,0.11618003650643077,3291,3998,341,298,34,32,375,330
2,87,3851,192.55,0.0655534416437149,0.044398763811096226,3842,3854,341,298,34,32,375,330
2,88,3875,193.75,0.07120387256145477,0.06778142680675957,3842,3880,341,298,34,32,375,330
2,89,3900,195.0,0.08762769401073456,0.08023447487079921,3880,3998,341,298,34,32,375,330
2,90,3973,198.65,0.09923578053712845,0.07317108928598091,3952,3998,341,298,34,32,375,330
3,1,16,0.8,0.10032596439123154,0.08734490962321295,0,804,61,294,37,32,98,326
3,2,74,3.7,0.0989856943488121,0.06940124686537555,38,94,61,294,37,32,98,326
3,3,160,8.0,0.1267559677362442,0.10091431293708343,94,188,61,294,37,32,98,326
3,4,211,10.55,0.08969327807426453,0.08070936469796545,188,761,61,294,37,32,98,326
3,5,254,12.7,0.060409385710954666,0.05159040885067161,228,310,61,294,37,32,98,326
3,6,372,18.6,0.0770096480846405,0.05924849834192873,228,636,61,294,37,32,98,326
3,7,471,23.55,0.06180953606963158,0.060977827555081326,436,636,61,294,37,32,98,326
3,8,549,27.45,0.03914956375956535,0.05193234678009149,486,557,61,294,37,32,98,326
3,9,583,29.15,0.061879660934209824,0.059061755566487906,557,636,61,294,37,32,98,326
3,10,629,31.45,0.06244867667555809,0.053857075563385544,603,636,61,294,37,32,98,326
3,11,743,37.15,0.08540854603052139,0.054747179934644855,636,754,61,294,37,32,98,326
3,12,758,37.9,0.08017594367265701,0.07464419597570632,636,761,61,294,37,32,98,326
3,13,770,38.5,0.10936485230922699,0.11947054484738112,188,784,61,294,37,32,98,326
3,14,778,38.9,0.12472645193338394,0.11356523822546867,774,784,61,294,37,32,98,326
3,15,790,39.5,0.13779163360595703,0.17950718392472398,784,804,61,294,37,32,98,326
3,16,821,41.05,0.10287536680698395,0.1270799172329476,804,907,61,294,37,32,98,326
3,17,833,41.65,0.0951387956738472,0.09837560836382844,827,907,61,294,37,32,98,326
3,18,976,48.8,0.20273809134960175,0.06473745728484649,804,992,61,294,37,32,98,326
3,19,998,49.9,0.23608534038066864,0.23155683162699958,804,1830,61,294,37,32,98,326
3,20,1028,51.4,0.07740199565887451,0.06426794405748733,1012,1045,61,294,37,32,98,326
3,21,1040,52.0,0.06237617880105972,0.05249133782299602,1033,1045,61,294,37,32,98,326
3,22,1063,53.15,0.08545580506324768,0.08010418275037176,1012,1157,61,294,37,32,98,326
3,23,1258,62.9,0.10517540574073792,0.11390008766250176,1012,1664,61,294,37,32,98,326
3,24,1356,67.8,0.043465934693813324,0.07773793944065083,1283,1441,61,294,37,32,98,326
3,25,1402,70.1,0.06793633848428726,0.05975087278501867,1386,1441,61,294,37,32,98,326
3,26,1437,71.85,0.05745069682598114,0.05443723848385261,1408,1441,61,294,37,32,98,326
3,27,1463,73.15,0.06385289132595062,0.06288804284986894,1441,1476,61,294,37,32,98,326
3,28,1483,74.15,0.06410029530525208,0.09072075635015762,1441,1664,61,294,37,32,98,326
3,29,1521,76.05,0.07437556236982346,0.0723521380796034,1501,1599,61,294,37,32,98,326
3,30,1574,78.7,0.060946688055992126,0.0728318931894304,1538,1599,61,294,37,32,98,326
3,31,1607,80.35,0.06074196472764015,0.05907017908373469,1599,1634,61,294,37,32,98,326
3,32,1641,82.05,0.06733351200819016,0.07991075882217202,1599,1664,61,294,37,32,98,326
3,33,1675,83.75,0.06733668595552444,0.05667108480411304,1664,1679,61,294,37,32,98,326
3,34,1683,84.15,0.08199398219585419,0.09469814240451044,1664,1729,61,294,37,32,98,326
3,35,1720,86.0,0.040518276393413544,0.051601122475724695,1712,1729,61,294,37,32,98,326
3,36,1737,86.85,0.11143100261688232,0.1300263829343232,1012,1800,61,294,37,32,98,326
3,37,1804,90.2,0.09565818309783936,0.12113996069782018,1800,1809,61,294,37,32,98,326
3,38,1816,90.8,0.17412342131137848,0.24265790662630435,1012,1830,61,294,37,32,98,326
3,39,1840,92.0,0.07437390834093094,0.056192646338133756,1830,1846,61,294,37,32,98,326
3,40,1850,92.5,0.087808758020401,0.05160689445024416,1830,1854,61,294,37,32,98,326
3,41,1859,92.95,0.17342813313007355,0.21627236564254926,1830,1998,61,294,37,32,98,326
3,42,1880,94.0,0.12245539575815201,0.050003820692689015,1875,1998,61,294,37,32,98,326
3,43,1898,94.9,0.10593990981578827,0.05767914451883747,1890,1920,61,294,37,32,98,326
3,44,1934,96.7,0.10086829215288162,0.10841966990330948,1920,1998,61,294,37,32,98,326
3,45,1960,98.0,0.04239558055996895,0.05041724961648961,1954,1998,61,294,37,32,98,326
3,46,2003,100.15,0.20687970519065857,0.19643793210376181,1830,2085,61,294,37,32,98,326
3,47,2047,102.35,0.22281664609909058,0.050260576653828354,2034,2058,61,294,37,32,98,326
3,48,2072,103.6,0.19620931148529053,0.06827840788245242,2034,2085,61,294,37,32,98,326
3,49,2210,110.5,0.04327503964304924,0.07541598388060314,2085,2357,61,294,37,32,98,326
3,50,2375,118.75,0.10379120707511902,0.10271529673767257,2085,2396,61,294,37,32,98,326
3,51,2431,121.55,0.16888673603534698,0.17750556862729067,2085,2609,61,294,37,32,98,326
3,52,2529,126.45,0.12226290255784988,0.04935366395452728,2468,2543,61,294,37,32,98,326
3,53,2552,127.6,0.15909330546855927,0.15006636417810396,2468,2573,61,294,37,32,98,326
3,54,2590,129.5,0.17296288907527924,0.16282519724335354,2573,2609,61,294,37,32,98,326
3,55,2685,134.25,0.0983637347817421,0.09923511015859138,2609,2776,61,294,37,32,98,326
3,56,2728,136.4,0.09450254589319229,0.08001135790032161,2697,2776,61,294,37,32,98,326
3,57,2800,140.0,0.0594438798725605,0.09034444290360752,2609,2932,61,294,37,32,98,326
3,58,2838,141.9,0.07020903378725052,0.07889817579244238,2826,2932,61,294,37,32,98,326
3,59,2909,145.45,0.06713797152042389,0.06589189764472747,2896,2932,61,294,37,32,98,326
3,60,2952,147.6,0.0792510136961937,0.09745931873250802,2609,3022,61,294,37,32,98,326
3,61,3093,154.65,0.11898455023765564,0.13208327988818028,2609,3822,61,294,37,32,98,326
3,62,3151,157.55,0.07075583189725876,0.04960566984248784,3132,3208,61,294,37,32,98,326
3,63,3237,161.85,0.07448031008243561,0.08997564076428108,3132,3284,61,294,37,32,98,326
3,64,3315,165.75,0.05019950494170189,0.05329101428262106,3284,3325,61,294,37,32,98,326
3,65,3338,166.9,0.07805731892585754,0.09275988106921162,3284,3389,61,294,37,32,98,326
3,66,3366,168.3,0.07254694402217865,0.04924230137135851,3356,3389,61,294,37,32,98,326
3,67,3400,170.0,0.05837908387184143,0.05601418679670769,3389,3435,61,294,37,32,98,326
3,68,3493,174.65,0.06034736707806587,0.07001255495059104,3389,3566,61,294,37,32,98,326
3,69,3618,180.9,0.057309526950120926,0.08862995976608032,3389,3740,61,294,37,32,98,326
3,70,3704,185.2,0.06525363028049469,0.05850284142758384,3679,3740,61,294,37,32,98,326
3,71,3774,188.7,0.08019974827766418,0.10719955715469988,3389,3822,61,294,37,32,98,326
3,72,3832,191.6,0.05251409858465195,0.061521907552890776,3822,3840,61,294,37,32,98,326
3,73,3875,193.75,0.06437962502241135,0.06412205085237627,3822,3889,61,294,37,32,98,326
3,74,3900,195.0,0.08851350098848343,0.09485763853736451,3822,4000,61,294,37,32,98,326
3,75,3987,199.35,0.07306641340255737,0.07077278532084022,3964,4000,61,294,37,32,98,326
4,1,20,1.0,0.12181101739406586,0.092953700682314,4,739,216,408,30,38,246,446
4,2,63,3.15,0.11088110506534576,0.06931717231454229,39,188,216,408,30,38,246,446
4,3,156,7.8,0.07182451337575912,0.07105841872648218,102,188,216,408,30,38,246,446
4,4,211,10.55,0.10740794986486435,0.11205348752541461,188,739,216,408,30,38,246,446
4,5,254,12.7,0.05403129756450653,0.04307291906842815,227,314,216,408,30,38,246,446
4,6,348,17.4,0.08505575358867645,0.05290471003645274,314,355,216,408,30,38,246,446
4,7,366,18.3,0.1113869696855545,0.09572832308093851,314,739,216,408,30,38,246,446
4,8,422,21.1,0.07745766639709473,0.07292763555406687,385,739,216,408,30,38,246,446
4,9,471,23.55,0.0551791712641716,0.05127962611488111,436,485,216,408,30,38,246,446
4,10,562,28.1,0.048628948628902435,0.04797899092611116,485,636,216,408,30,38,246,446
4,11,701,35.05,0.06417664140462875,0.06054491155442795,485,739,216,408,30,38,246,446
4,12,732,36.6,0.0476529560983181,0.04608277710663329,728,739,216,408,30,38,246,446
4,13,748,37.4,0.14522685110569,0.17269788955634213,739,784,216,408,30,38,246,446
4,14,758,37.9,0.1314510554075241,0.14066786186602018,754,784,216,408,30,38,246,446
4,15,770,38.5,0.11325705051422119,0.10550862427323876,761,774,216,408,30,38,246,446
4,16,778,38.9,0.14252538979053497,0.11463400362582778,774,784,216,408,30,38,246,446
4,17,790,39.5,0.15877895057201385,0.18809394822194897,739,1744,216,408,30,38,246,446
4,18,821,41.05,0.11961792409420013,0.12387456797922305,805,1558,216,408,30,38,246,446
4,19,833,41.65,0.11131522804498672,0.08093767344758057,827,837,216,408,30,38,246,446
4,20,841,42.05,0.06607148796319962,0.04723005079138275,837,944,216,408,30,38,246,446
4,21,965,48.25,0.107131227850914,0.11363764585443342,827,1558,216,408,30,38,246,446
4,22,1007,50.35,0.051485542207956314,0.0439446527957444,1001,1019,216,408,30,38,246,446
4,23,1035,51.75,0.04081234335899353,0.05282569058271298,1019,1046,216,408,30,38,246,446
4,24,1074,53.7,0.061190951615571976,0.06184625686201521,1046,1127,216,408,30,38,246,446
4,25,1193,59.65,0.06443823128938675,0.04972165875222416,1127,1212,216,408,30,38,246,446
4,26,1258,62.9,0.09545840322971344,0.09624734031182872,1046,1558,216,408,30,38,246,446
4,27,1357,67.85,0.07131483405828476,0.07645097793541666,1284,1558,216,408,30,38,246,446
4,28,1402,70.1,0.059624083340168,0.04831685161491432,1380,1444,216,408,30,38,246,446
4,29,1483,74.15,0.048686884343624115,0.07269636815481134,1444,1558,216,408,30,38,246,446
4,30,1545,77.25,0.047492217272520065,0.06186957807593611,1526,1558,216,408,30,38,246,446
4,31,1567,78.35,0.05692443996667862,0.060054915010030414,1558,1600,216,408,30,38,246,446
4,32,1593,79.65,0.07017368823289871,0.054334424605881795,1586,1600,216,408,30,38,246,446
4,33,1623,81.15,0.09025435894727707,0.07122615175466605,1558,1649,216,408,30,38,246,446
4,34,1666,83.3,0.12152007222175598,0.10293032319438639,1558,1726,216,408,30,38,246,446
4,35,1689,84.45,0.08309847861528397,0.04749573715407522,1684,1694,216,408,30,38,246,446
4,36,1704,85.2,0.09889964759349823,0.06293989921392837,1684,1710,216,408,30,38,246,446
4,37,1720,86.0,0.11920195072889328,0.09932150172622131,1710,1726,216,408,30,38,246,446
4,38,1734,86.7,0.13573819398880005,0.151520914163904,805,1744,216,408,30,38,246,446
4,39,1767,88.35,0.23245063424110413,0.24671697132150158,1744,1831,216,408,30,38,246,446
4,40,1779,88.95,0.1331384927034378,0.0772505581180553,1774,1800,216,408,30,38,246,446
4,41,1805,90.25,0.1773804873228073,0.11247822890458728,1800,1809,216,408,30,38,246,446
4,42,1816,90.8,0.20202277600765228,0.16331959944707175,1809,1831,216,408,30,38,246,446
4,43,1841,92.05,0.11934720724821091,0.09439480207907174,1831,1854,216,408,30,38,246,446
4,44,1859,92.95,0.1269812285900116,0.10843379199992229,1831,1918,216,408,30,38,246,446
4,45,1880,94.0,0.11656695604324341,0.04842338631216741,1865,1918,216,408,30,38,246,446
4,46,1899,94.95,0.09798230975866318,0.071648961827452,1891,1918,216,408,30,38,246,446
4,47,1930,96.5,0.1176772490143776,0.11791186584406357,1831,1984,216,408,30,38,246,446
4,48,1944,97.2,0.06286539882421494,0.05102537688992242,1939,1954,216,408,30,38,246,446
4,49,1960,98.0,0.0588652528822422,0.0645670688975093,1954,1984,216,408,30,38,246,446
4,50,1988,99.4,0.03708779439330101,0.04291874300446938,1984,1999,216,408,30,38,246,446
4,51,2012,100.6,0.12093884497880936,0.1117797576123206,1831,2364,216,408,30,38,246,446
4,52,2048,102.4,0.11692547053098679,0.08462394374766918,2034,2364,216,408,30,38,246,446
4,53,2092,104.6,0.06160426139831543,0.04910872189170769,2085,2105,216,408,30,38,246,446
4,54,2211,110.55,0.04844430461525917,0.06398121225640988,2105,2364,216,408,30,38,246,446
4,55,2301,115.05,0.052666958421468735,0.04470147004409851,2254,2364,216,408,30,38,246,446
4,56,2309,115.45,0.04737530276179314,0.04325120233485012,2304,2364,216,408,30,38,246,446
4,57,2375,118.75,0.098517507314682,0.07486679305980873,2364,2396,216,408,30,38,246,446
4,58,2431,121.55,0.15007463097572327,0.14308779626980028,1831,2507,216,408,30,38,246,446
4,59,2552,127.6,0.13338637351989746,0.12986078514755334,2507,2565,216,408,30,38,246,446
4,60,2596,129.8,0.1642308086156845,0.14999734155194144,1831,2619,216,408,30,38,246,446
4,61,2653,132.65,0.21864835917949677,0.2546568630868169,1831,2674,216,408,30,38,246,446
4,62,2727,136.35,0.145719513297081,0.1705045899273025,2674,2776,216,408,30,38,246,446
4,63,2767,138.35,0.07390627264976501,0.050623726304101356,2763,2776,216,408,30,38,246,446
4,64,2787,139.35,0.034632064402103424,0.0431890644341916,2776,2792,216,408,30,38,246,446
4,65,2799,139.95,0.11696092784404755,0.14006950279521524,2776,3880,216,408,30,38,246,446
4,66,2849,142.45,0.07691808044910431,0.0589315703922242,2829,2933,216,408,30,38,246,446
4,67,2909,145.45,0.0609331913292408,0.04543068632659035,2903,2933,216,408,30,38,246,446
4,68,2958,147.9,0.05979251489043236,0.0684050634551218,2829,3021,216,408,30,38,246,446
4,69,3063,153.15,0.05786561965942383,0.043040608695624316,3021,3085,216,408,30,38,246,446
4,70,3102,155.1,0.09349139034748077,0.08903619372950494,2829,3208,216,408,30,38,246,446
4,71,3151,157.55,0.08333688229322433,0.05692726703693235,3131,3208,216,408,30,38,246,446
4,72,3180,159.0,0.08068263530731201,0.05650647142655857,3164,3208,216,408,30,38,246,446
4,73,3205,160.25,0.039674535393714905,0.04595504245467784,3191,3208,216,408,30,38,246,446
4,74,3237,161.85,0.09678488969802856,0.1220711121560274,2829,3880,216,408,30,38,246,446
4,75,3256,162.8,0.06504396349191666,0.06411017936643465,3246,3278,216,408,30,38,246,446
4,76,3304,165.2,0.042382411658763885,0.04322853681050527,3278,3325,216,408,30,38,246,446
4,77,3346,167.3,0.08381691575050354,0.09199792213530786,3278,3389,216,408,30,38,246,446
4,78,3379,168.95,0.056450046598911285,0.04337345103608342,3361,3389,216,408,30,38,246,446
4,79,3419,170.95,0.0491117462515831,0.061477684502009154,3389,3435,216,408,30,38,246,446
4,80,3493,174.65,0.05430544540286064,0.04663946549941286,3389,3508,216,408,30,38,246,446
4,81,3530,176.5,0.057071149349212646,0.055765303397953804,3389,3565,216,408,30,38,246,446
4,82,3618,180.9,0.05417852848768234,0.06682626439038591,3389,3708,216,408,30,38,246,446
4,83,3754,187.7,0.04759948328137398,0.044621291748657546,3708,3773,216,408,30,38,246,446
4,84,3812,190.6,0.08412529528141022,0.10085113531704765,3278,3880,216,408,30,38,246,446
4,85,3827,191.35,0.033400602638721466,0.05694428903329325,3822,3840,216,408,30,38,246,446
4,86,3875,193.75,0.06049525737762451,0.0876789560193009,3822,3880,216,408,30,38,246,446
4,87,3900,195.0,0.08335022628307343,0.10213173883948425,3880,3964,216,408,30,38,246,446
4,88,3987,199.35,0.08347640931606293,0.06398293765611278,3964,3998,216,408,30,38,246,446
5,1,16,0.8,0.06394919008016586,0.06319899465495796,5,189,534,437,39,24,573,461
5,2,85,4.25,0.08870390057563782,0.07091512959230362,38,95,534,437,39,24,573,461
5,3,154,7.7,0.07450642436742783,0.047783075906341135,95,158,534,437,39,24,573,461
5,4,163,8.15,0.10018935799598694,0.10213848115610205,38,189,534,437,39,24,573,461
5,5,197,9.85,0.051850900053977966,0.04641235038033498,189,200,534,437,39,24,573,461
5,6,210,10.5,0.07686780393123627,0.08524107785091364,189,754,534,437,39,24,573,461
5,7,253,12.65,0.08770351856946945,0.056228461227782564,228,307,534,437,39,24,573,461
5,8,277,13.85,0.08690480142831802,0.04772284108563357,265,307,534,437,39,24,573,461
5,9,347,17.35,0.06891563534736633,0.04626329610096876,307,375,534,437,39,24,573,461
5,10,422,21.1,0.0757429227232933,0.07526491570760066,307,754,534,437,39,24,573,461
5,11,491,24.55,0.056920137256383896,0.04686396020812299,475,499,534,437,39,24,573,461
5,12,514,25.7,0.05953792482614517,0.05769636538862812,475,606,534,437,39,24,573,461
5,13,534,26.7,0.0621834360063076,0.04785936406341569,531,606,534,437,39,24,573,461
5,14,566,28.3,0.06966505199670792,0.05109396745025732,556,606,534,437,39,24,573,461
5,15,583,29.15,0.04337963089346886,0.043336130200277184,578,606,534,437,39,24,573,461
5,16,620,31.0,0.05188393220305443,0.046881175683455435,606,636,534,437,39,24,573,461
5,17,719,35.95,0.06061801314353943,0.07023941308081914,475,754,534,437,39,24,573,461
5,18,736,36.8,0.0668964833021164,0.06836808887361419,729,754,534,437,39,24,573,461
5,19,758,37.9,0.07341350615024567,0.0689641020074532,754,761,534,437,39,24,573,461
5,20,770,38.5,0.09762261062860489,0.12029192905826075,189,774,534,437,39,24,573,461
5,21,778,38.9,0.13450148701667786,0.14373542320343685,189,783,534,437,39,24,573,461
5,22,789,39.45,0.12397177517414093,0.1498578992051891,189,804,534,437,39,24,573,461
5,23,821,41.05,0.09285087883472443,0.10643835059770088,804,1601,534,437,39,24,573,461
5,24,833,41.65,0.10642608255147934,0.09953144204578437,826,1323,534,437,39,24,573,461
5,25,842,42.1,0.08567611128091812,0.0676961406487418,837,854,534,437,39,24,573,461
5,26,859,42.95,0.08474258333444595,0.06608906874186941,854,907,534,437,39,24,573,461
5,27,880,44.0,0.0760534480214119,0.05543890358552642,863,907,534,437,39,24,573,461
5,28,913,45.65,0.0746544823050499,0.060461664974646875,854,926,534,437,39,24,573,461
5,29,951,47.55,0.07979032397270203,0.04552764051895253,854,956,534,437,39,24,573,461
5,30,966,48.3,0.0812135860323906,0.07882306102626666,854,1044,534,437,39,24,573,461
5,31,998,49.9,0.043727975338697433,0.04543566788432597,991,1018,534,437,39,24,573,461
5,32,1029,51.45,0.05146351829171181,0.06318898270678534,1018,1044,534,437,39,24,573,461
5,33,1074,53.7,0.08393127471208572,0.09428340942857477,854,1323,534,437,39,24,573,461
5,34,1193,59.65,0.06667669117450714,0.05676720895772082,1110,1217,534,437,39,24,573,461
5,35,1231,61.55,0.0812850147485733,0.05081546854273038,1217,1244,534,437,39,24,573,461
5,36,1258,62.9,0.08946634829044342,0.08590985319696366,1110,1323,534,437,39,24,573,461
5,37,1295,64.75,0.048998329788446426,0.058747823286341413,1276,1323,534,437,39,24,573,461
5,38,1356,67.8,0.07447445392608643,0.10506507861779672,1323,1601,534,437,39,24,573,461
5,39,1426,71.3,0.05465547740459442,0.04834783684011337,1376,1443,534,437,39,24,573,461
5,40,1459,72.95,0.07418300956487656,0.061768776354038865,1443,1469,534,437,39,24,573,461
5,41,1484,74.2,0.07314647734165192,0.07213239280177502,1443,1540,534,437,39,24,573,461
5,42,1535,76.75,0.05843178182840347,0.046032907646749194,1506,1540,534,437,39,24,573,461
5,43,1567,78.35,0.06295032054185867,0.05723193256064063,1540,1571,534,437,39,24,573,461
5,44,1574,78.7,0.05706004425883293,0.041526659346806785,1571,1577,534,437,39,24,573,461
5,45,1582,79.1,0.07631802558898926,0.06238259878315501,1443,1588,534,437,39,24,573,461
5,46,1594,79.7,0.0865623876452446,0.09992049626174149,1443,1601,534,437,39,24,573,461
5,47,1632,81.6,0.0836072787642479,0.10254411426110278,804,1648,534,437,39,24,573,461
5,48,1658,82.9,0.05792590603232384,0.04472551513002451,1648,1679,534,437,39,24,573,461
5,49,1705,85.25,0.08724226802587509,0.12626596681514587,804,1726,534,437,39,24,573,461
5,50,1719,85.95,0.05301941558718681,0.06092849225316001,1711,1726,534,437,39,24,573,461
5,51,1764,88.2,0.10285449028015137,0.0868394688705459,1726,1800,534,437,39,24,573,461
5,52,1795,89.75,0.06063161790370941,0.043426643577844065,1792,1800,534,437,39,24,573,461
5,53,1805,90.25,0.11693177372217178,0.11826011149636058,804,1809,534,437,39,24,573,461
5,54,1816,90.8,0.1532248854637146,0.19118741883892626,804,1832,534,437,39,24,573,461
5,55,1840,92.0,0.04883570224046707,0.048325248466920906,1832,1846,534,437,39,24,573,461
5,56,1851,92.55,0.0682675689458847,0.04158559254670545,1832,1854,534,437,39,24,573,461
5,57,1860,93.0,0.11507750302553177,0.1329215048241905,1832,2398,534,437,39,24,573,461
5,58,1905,95.25,0.07300064712762833,0.06624015552316137,1891,1920,534,437,39,24,573,461
5,59,1930,96.5,0.12772463262081146,0.1192660567228552,1920,2398,534,437,39,24,573,461
5,60,1949,97.45,0.08954700082540512,0.05812766557185309,1939,1970,534,437,39,24,573,461
5,61,1960,98.0,0.04325370863080025,0.04218423060293172,1954,1970,534,437,39,24,573,461
5,62,1980,99.0,0.09217837452888489,0.08852752462631318,1970,1998,534,437,39,24,573,461
5,63,2003,100.15,0.06859605759382248,0.07288457367502559,1998,2037,534,437,39,24,573,461
5,64,2047,102.35,0.08967985957860947,0.10090274818813205,1998,2398,534,437,39,24,573,461
5,65,2076,103.8,0.08801792562007904,0.045749464108146336,2052,2121,534,437,39,24,573,461
5,66,2155,107.75,0.05455108731985092,0.05937916672798001,2121,2221,534,437,39,24,573,461
5,67,2193,109.65,0.04136160761117935,0.047057401816604234,2178,2221,534,437,39,24,573,461
5,68,2227,111.35,0.030215943232178688,0.04142056029865603,2221,2253,534,437,39,24,573,461
5,69,2275,113.75,0.07330388575792313,0.07099220334977344,2121,2398,534,437,39,24,573,461
5,70,2378,118.9,0.09844616055488586,0.08871673790921346,2364,2398,534,437,39,24,573,461
5,71,2433,121.65,0.17334608733654022,0.18591065391731204,1832,2513,534,437,39,24,573,461
5,72,2529,126.45,0.15419381856918335,0.15702208133064705,2513,2569,534,437,39,24,573,461
5,73,2589,129.45,0.22897577285766602,0.26761718964088166,1832,2610,534,437,39,24,573,461
5,74,2654,132.7,0.21044889092445374,0.23509624820134184,2610,3881,534,437,39,24,573,461
5,75,2708,135.4,0.09135650843381882,0.08474553996325031,2674,2735,534,437,39,24,573,461
5,76,2767,138.35,0.07623246312141418,0.0969550051678583,2674,2775,534,437,39,24,573,461
5,77,2799,139.95,0.057047441601753235,0.07473981266484972,2775,2810,534,437,39,24,573,461
5,78,2820,141.0,0.05374252796173096,0.047792811072373376,2810,2829,534,437,39,24,573,461
5,79,2833,141.65,0.06470230221748352,0.07565576788286077,2775,2875,534,437,39,24,573,461
5,80,2849,142.45,0.06874241679906845,0.06776509928331514,2842,2875,534,437,39,24,573,461
5,81,2885,144.25,0.04430385306477547,0.042472126594161635,2875,2897,534,437,39,24,573,461
5,82,2908,145.4,0.06604095548391342,0.048804965755912394,2875,2933,534,437,39,24,573,461
5,83,2951,147.55,0.07139405608177185,0.08057596325203358,2775,3009,534,437,39,24,573,461
5,84,2981,149.05,0.03484657406806946,0.04126714732828054,2972,3009,534,437,39,24,573,461
5,85,3063,153.15,0.11088285595178604,0.10048390497149592,2674,3191,534,437,39,24,573,461
5,86,3181,159.05,0.06013759970664978,0.06885837220004618,3112,3191,534,437,39,24,573,461
5,87,3212,160.6,0.08578357100486755,0.05304404534461483,3191,3219,534,437,39,24,573,461
5,88,3267,163.35,0.09715907275676727,0.12740135261103558,2674,3881,534,437,39,24,573,461
5,89,3305,165.25,0.032885923981666565,0.04863026173276605,3284,3325,534,437,39,24,573,461
5,90,3320,166.0,0.03558767959475517,0.042048063038240185,3311,3325,534,437,39,24,573,461
5,91,3338,166.9,0.09080196917057037,0.09963563857086749,3325,3881,534,437,39,24,573,461
5,92,3346,167.3,0.05919588357210159,0.05182801739487487,3343,3349,534,437,39,24,573,461
5,93,3367,168.35,0.03501571714878082,0.043439314231643086,3349,3373,534,437,39,24,573,461
5,94,3379,168.95,0.07597365975379944,0.07799147254277222,3349,3435,534,437,39,24,573,461
5,95,3410,170.5,0.056927572935819626,0.05823881068058573,3389,3435,534,437,39,24,573,461
5,96,3494,174.7,0.07139397412538528,0.0571406688071829,3435,3509,534,437,39,24,573,461
5,97,3529,176.45,0.0835823118686676,0.09884903363770262,3435,3881,534,437,39,24,573,461
5,98,3595,179.75,0.0527433417737484,0.04801849027881978,3565,3602,534,437,39,24,573,461
5,99,3644,182.2,0.04502017796039581,0.06411272659728876,3565,3684,534,437,39,24,573,461
5,100,3660,183.0,0.048268795013427734,0.041476094183804255,3654,3684,534,437,39,24,573,461
5,101,3718,185.9,0.055292289704084396,0.04468736741060199,3684,3736,534,437,39,24,573,461
5,102,3752,187.6,0.05519392341375351,0.08206861023555008,3565,3881,534,437,39,24,573,461
5,103,3785,189.25,0.057641733437776566,0.048246563260115505,3761,3821,534,437,39,24,573,461
5,104,3832,191.6,0.05664428323507309,0.06669154643715959,3821,3841,534,437,39,24,573,461
5,105,3875,193.75,0.075202077627182,0.07278471017825161,3841,3881,534,437,39,24,573,461
5,106,3901,195.05,0.10183703899383545,0.11290759279019144,3881,3999,534,437,39,24,573,461
5,107,3923,196.15,0.08828962594270706,0.05108528424887116,3913,3999,534,437,39,24,573,461
5,108,3981,199.05,0.09067094326019287,0.061501321497790896,3963,3999,534,437,39,24,573,461
5,109,4015,200.75,0.10187747329473495,0.08406804341236507,3881,4044,534,437,39,24,573,461
6,1,19,0.95,0.10892269760370255,0.10153166837891177,4,784,598,364,29,70,627,434
6,2,62,3.1,0.07583890110254288,0.06356906395148443,39,180,598,364,29,70,627,434
6,3,164,8.2,0.07164058089256287,0.06909825038216638,102,180,598,364,29,70,627,434
6,4,185,9.25,0.05074913427233696,0.04345810046200405,180,193,598,364,29,70,627,434
6,5,211,10.55,0.09217856824398041,0.08498911519140555,180,707,598,364,29,70,627,434
6,6,254,12.7,0.05342155322432518,0.050483805089449385,219,289,598,364,29,70,627,434
6,7,298,14.9,0.043792448937892914,0.037673705008269665,289,310,598,364,29,70,627,434
6,8,415,20.75,0.04183163866400719,0.040300690885941376,289,436,598,364,29,70,627,434
6,9,471,23.55,0.061205651611089706,0.06001219482491652,219,707,598,364,29,70,627,434
6,10,553,27.65,0.043099336326122284,0.038810429315448855,485,578,598,364,29,70,627,434
6,11,583,29.15,0.05106870457530022,0.05309665669558382,485,707,598,364,29,70,627,434
6,12,628,31.4,0.03802911192178726,0.040115423212573456,603,707,598,364,29,70,627,434
6,13,722,36.1,0.046894557774066925,0.037614912517793544,707,728,598,364,29,70,627,434
6,14,743,37.15,0.08665268123149872,0.05919507759228175,707,746,598,364,29,70,627,434
6,15,758,37.9,0.08153749257326126,0.07346472434270107,707,761,598,364,29,70,627,434
6,16,763,38.15,0.06020696461200714,0.0402359473057515,761,766,598,364,29,70,627,434
6,17,770,38.5,0.09393303841352463,0.09766371382299716,180,784,598,364,29,70,627,434
6,18,778,38.9,0.114435113966465,0.09807472182766414,774,784,598,364,29,70,627,434
6,19,790,39.5,0.1396532505750656,0.18146310242631897,784,805,598,364,29,70,627,434
6,20,821,41.05,0.1000579297542572,0.12019520289478555,805,1709,598,364,29,70,627,434
6,21,833,41.65,0.09790375828742981,0.10300759923278735,827,907,598,364,29,70,627,434
6,22,869,43.45,0.07262075692415237,0.05475692747297489,837,907,598,364,29,70,627,434
6,23,938,46.9,0.10577908158302307,0.048934250152479174,907,946,598,364,29,70,627,434
6,24,998,49.9,0.1089257076382637,0.11266435305926857,827,1709,598,364,29,70,627,434
6,25,1035,51.75,0.04216896370053291,0.04453077164590553,1013,1048,598,364,29,70,627,434
6,26,1070,53.5,0.06031692400574684,0.06301010471984415,1013,1212,598,364,29,70,627,434
6,27,1193,59.65,0.0614280141890049,0.04764675334796764,1097,1212,598,364,29,70,627,434
6,28,1232,61.6,0.055786702781915665,0.05265709390203641,1013,1253,598,364,29,70,627,434
6,29,1258,62.9,0.11988408863544464,0.10060643997287878,1013,1709,598,364,29,70,627,434
6,30,1370,68.5,0.06860987097024918,0.06789831112109607,1277,1557,598,364,29,70,627,434
6,31,1434,71.7,0.042893312871456146,0.03687123565510324,1417,1444,598,364,29,70,627,434
6,32,1462,73.1,0.03868814557790756,0.04601326888805094,1444,1475,598,364,29,70,627,434
6,33,1483,74.15,0.04394138604402542,0.060074945453200815,1444,1557,598,364,29,70,627,434
6,34,1566,78.3,0.04312014952301979,0.0500021926986668,1557,1570,598,364,29,70,627,434
6,35,1583,79.15,0.054604798555374146,0.051633351966022124,1557,1599,598,364,29,70,627,434
6,36,1615,80.75,0.07384343445301056,0.08347969331082153,1277,1709,598,364,29,70,627,434
6,37,1682,84.1,0.04117407277226448,0.0425099298591588,1669,1709,598,364,29,70,627,434
6,38,1720,86.0,0.048757586628198624,0.06320983868830568,1709,1729,598,364,29,70,627,434
6,39,1736,86.8,0.07717406004667282,0.04205153306385093,1709,1768,598,364,29,70,627,434
6,40,1784,89.2,0.09341007471084595,0.08947708336291861,1709,1800,598,364,29,70,627,434
6,41,1805,90.25,0.11454605311155319,0.13236755922590168,805,1809,598,364,29,70,627,434
6,42,1816,90.8,0.15522386133670807,0.1938120682904288,805,1831,598,364,29,70,627,434
6,43,1841,92.05,0.05182260647416115,0.03805280360188377,1831,1847,598,364,29,70,627,434
6,44,1850,92.5,0.06005238741636276,0.05305037539101638,1831,1854,598,364,29,70,627,434
6,45,1860,93.0,0.12791931629180908,0.15224062648760373,1831,1994,598,364,29,70,627,434
6,46,1879,93.95,0.10483577847480774,0.05127945633459476,1866,1918,598,364,29,70,627,434
6,47,1905,95.25,0.07726195454597473,0.04436774095100245,1890,1918,598,364,29,70,627,434
6,48,1930,96.5,0.11430410295724869,0.10732295073484877,1918,1994,598,364,29,70,627,434
6,49,1945,97.25,0.05474449694156647,0.0456326348829746,1940,1994,598,364,29,70,627,434
6,50,1960,98.0,0.047251585870981216,0.046716284855409185,1955,1994,598,364,29,70,627,434
6,51,1974,98.7,0.026419203728437424,0.03833978909787207,1970,1994,598,364,29,70,627,434
6,52,2003,100.15,0.17297136783599854,0.17815203538510888,1831,2566,598,364,29,70,627,434
6,53,2074,103.7,0.12860803306102753,0.08058857946969175,2034,2357,598,364,29,70,627,434
6,54,2211,110.55,0.04289337247610092,0.06822849823787122,2106,2357,598,364,29,70,627,434
6,55,2292,114.6,0.042743898928165436,0.04140110107458817,2220,2357,598,364,29,70,627,434
6,56,2310,115.5,0.040457241237163544,0.04053015194101503,2305,2357,598,364,29,70,627,434
6,57,2375,118.75,0.0897475928068161,0.0812077908355502,2357,2396,598,364,29,70,627,434
6,58,2431,121.55,0.14967003464698792,0.1315640646624276,2357,2566,598,364,29,70,627,434
6,59,2552,127.6,0.159509539604187,0.1447554600605067,2512,2566,598,364,29,70,627,434
6,60,2589,129.45,0.19673213362693787,0.18781294626225953,1831,2609,598,364,29,70,627,434
6,61,2624,131.2,0.06028078868985176,0.04015793184085565,2609,2633,598,364,29,70,627,434
6,62,2653,132.65,0.14137189090251923,0.13930027221162905,2609,2699,598,364,29,70,627,434
6,63,2683,134.15,0.08303806185722351,0.07688969608123541,2668,2699,598,364,29,70,627,434
6,64,2727,136.35,0.057378869503736496,0.054089971843887225,2699,2736,598,364,29,70,627,434
6,65,2748,137.4,0.0900423601269722,0.10279400736305903,2699,3283,598,364,29,70,627,434
6,66,2767,138.35,0.07699093967676163,0.050621544777565274,2763,2792,598,364,29,70,627,434
6,67,2799,139.95,0.04516799747943878,0.055581600148454514,2792,2829,598,364,29,70,627,434
6,68,2820,141.0,0.035627581179142,0.04883372590913609,2809,2829,598,364,29,70,627,434
6,69,2833,141.65,0.04740143567323685,0.04236803863705045,2829,2842,598,364,29,70,627,434
6,70,2871,143.55,0.059745606034994125,0.03880885172193728,2792,2898,598,364,29,70,627,434
6,71,2909,145.45,0.06484607607126236,0.07755166103737705,2792,3283,598,364,29,70,627,434
6,72,2981,149.05,0.03945419192314148,0.04678069487756658,2947,2994,598,364,29,70,627,434
6,73,3062,153.1,0.04071587324142456,0.049776821023304996,2994,3189,598,364,29,70,627,434
6,74,3147,157.35,0.057154107838869095,0.039266831682254734,3085,3189,598,364,29,70,627,434
6,75,3205,160.25,0.04531469941139221,0.036819475045621594,3189,3208,598,364,29,70,627,434
6,76,3252,162.6,0.06710947304964066,0.07100460765732239,3189,3283,598,364,29,70,627,434
6,77,3315,165.75,0.04480286315083504,0.04654424914094956,3283,3329,598,364,29,70,627,434
6,78,3346,167.3,0.0657297819852829,0.08118164682285185,3283,3841,598,364,29,70,627,434
6,79,3379,168.95,0.05620897561311722,0.05093780308679784,3356,3841,598,364,29,70,627,434
6,80,3418,170.9,0.043622251600027084,0.045620516743766396,3389,3435,598,364,29,70,627,434
6,81,3482,174.1,0.056384578347206116,0.05246436178617479,3389,3566,598,364,29,70,627,434
6,82,3548,177.4,0.05063274875283241,0.05021923330161775,3526,3566,598,364,29,70,627,434
6,83,3595,179.75,0.03802849352359772,0.04309583961982599,3566,3603,598,364,29,70,627,434
6,84,3633,181.65,0.03689076751470566,0.04980380154821664,3566,3675,598,364,29,70,627,434
6,85,3688,184.4,0.049835484474897385,0.04212702580903451,3675,3708,598,364,29,70,627,434
6,86,3776,188.8,0.058356259018182755,0.05801219681319812,3566,3841,598,364,29,70,627,434
6,87,3806,190.3,0.04833216592669487,0.04228673493230396,3796,3841,598,364,29,70,627,434
6,88,3819,190.95,0.04265768826007843,0.035919878997275764,3816,3841,598,364,29,70,627,434
6,89,3829,191.45,0.020752662792801857,0.05431779126966483,3822,3841,598,364,29,70,627,434
6,90,3876,193.8,0.06714870780706406,0.0756235007983377,3283,3890,598,364,29,70,627,434
6,91,3901,195.05,0.08246365189552307,0.09829980224288419,3283,3998,598,364,29,70,627,434
6,92,3920,196.0,0.06208321452140808,0.041490112107466774,3913,3998,598,364,29,70,627,434
6,93,3982,199.1,0.05214160680770874,0.05699624450129351,3962,3998,598,364,29,70,627,434
6,94,4015,200.75,0.06344617158174515,0.03984813637063915,3998,4040,598,364,29,70,627,434
7,1,16,0.8,0.08300520479679108,0.08601583293522316,5,784,13,324,23,69,36,393
7,2,85,4.25,0.08342717587947845,0.0698106738926844,38,99,13,324,23,69,36,393
7,3,160,8.0,0.09818796068429947,0.07936252525973211,99,188,13,324,23,69,36,393
7,4,211,10.55,0.08649876713752747,0.08029992370151434,188,309,13,324,23,69,36,393
7,5,254,12.7,0.05519475042819977,0.04370411217033866,228,289,13,324,23,69,36,393
7,6,299,14.95,0.07197589427232742,0.05521295328995289,228,309,13,324,23,69,36,393
7,7,346,17.3,0.05606745555996895,0.04906667535655983,309,397,13,324,23,69,36,393
7,8,471,23.55,0.06474413722753525,0.05830586103394092,309,636,13,324,23,69,36,393
7,9,552,27.6,0.045799948275089264,0.04755066688145086,485,636,13,324,23,69,36,393
7,10,583,29.15,0.0417218953371048,0.04277534143781388,577,603,13,324,23,69,36,393
7,11,628,31.4,0.04054003953933716,0.04697784120415234,577,636,13,324,23,69,36,393
7,12,731,36.55,0.06994214653968811,0.0615048997211962,309,766,13,324,23,69,36,393
7,13,758,37.9,0.06770914047956467,0.046468492625743305,754,766,13,324,23,69,36,393
7,14,770,38.5,0.09396786987781525,0.11098575221412238,188,784,13,324,23,69,36,393
7,15,778,38.9,0.1031961515545845,0.09697933203076793,774,784,13,324,23,69,36,393
7,16,789,39.45,0.11721671372652054,0.16513613389062703,784,907,13,324,23,69,36,393
7,17,821,41.05,0.08534291386604309,0.1401948996004333,805,907,13,324,23,69,36,393
7,18,833,41.65,0.0892849713563919,0.10303492226984533,827,907,13,324,23,69,36,393
7,19,979,48.95,0.23473237454891205,0.04133055395341867,907,986,13,324,23,69,36,393
7,20,998,49.9,0.27681422233581543,0.25511755667684854,784,1998,13,324,23,69,36,393
7,21,1074,53.7,0.0652645081281662,0.06441349835895924,1014,1158,13,324,23,69,36,393
7,22,1193,59.65,0.06487695127725601,0.055272035946757975,1158,1212,13,324,23,69,36,393
7,23,1231,61.55,0.10851693153381348,0.051069250457192024,1014,1253,13,324,23,69,36,393
7,24,1258,62.9,0.09709011763334274,0.08644373778845905,1014,1270,13,324,23,69,36,393
7,25,1352,67.6,0.08044226467609406,0.07602542046455343,1270,1526,13,324,23,69,36,393
7,26,1408,70.4,0.04888167604804039,0.050057771161641736,1375,1417,13,324,23,69,36,393
7,27,1423,71.15,0.06592968851327896,0.06812405454986739,1417,1526,13,324,23,69,36,393
7,28,1459,72.95,0.06892969459295273,0.05213031418762262,1450,1526,13,324,23,69,36,393
7,29,1484,74.2,0.061014700680971146,0.0492649293143394,1470,1526,13,324,23,69,36,393
7,30,1554,77.7,0.07358573377132416,0.06558606001899117,1526,1570,13,324,23,69,36,393
7,31,1636,81.8,0.09004303067922592,0.12496912247907525,1014,1647,13,324,23,69,36,393
7,32,1658,82.9,0.08000706881284714,0.07352366962267354,1647,1709,13,324,23,69,36,393
7,33,1667,83.35,0.05239721015095711,0.04534315081510673,1664,1678,13,324,23,69,36,393
7,34,1704,85.2,0.05934352055191994,0.05650408461404488,1678,1709,13,324,23,69,36,393
7,35,1720,86.0,0.046990133821964264,0.0423690887296027,1709,1729,13,324,23,69,36,393
7,36,1739,86.95,0.07733602076768875,0.10222984115513133,1647,1800,13,324,23,69,36,393
7,37,1784,89.2,0.07528592646121979,0.07529615282521093,1774,1800,13,324,23,69,36,393
7,38,1805,90.25,0.10699382424354553,0.10926262787934336,1014,1809,13,324,23,69,36,393
7,39,1816,90.8,0.14904645085334778,0.22634962336868794,1014,1998,13,324,23,69,36,393
7,40,1841,92.05,0.06791209429502487,0.06346247915628364,1831,1854,13,324,23,69,36,393
7,41,1850,92.5,0.06043706834316254,0.04692910104996791,1847,1854,13,324,23,69,36,393
7,42,1860,93.0,0.11630736291408539,0.19273087652651727,1831,1998,13,324,23,69,36,393
7,43,1879,93.95,0.11937617510557175,0.05776005310915436,1867,1998,13,324,23,69,36,393
7,44,1905,95.25,0.10368314385414124,0.05293064343431198,1890,1919,13,324,23,69,36,393
7,45,1930,96.5,0.1110219731926918,0.09913613878846579,1919,1998,13,324,23,69,36,393
7,46,2002,100.1,0.270035058259964,0.22402322406819453,1998,2085,13,324,23,69,36,393
7,47,2054,102.7,0.2524597644805908,0.04657025327138197,2034,2060,13,324,23,69,36,393
7,48,2074,103.7,0.23864370584487915,0.08877465631176239,2034,2085,13,324,23,69,36,393
7,49,2211,110.55,0.04567364230751991,0.07518318665428074,2085,2357,13,324,23,69,36,393
7,50,2228,111.4,0.040924835950136185,0.04271404439707177,2220,2243,13,324,23,69,36,393
7,51,2275,113.75,0.04723899066448212,0.046510725433457405,2220,2357,13,324,23,69,36,393
7,52,2374,118.7,0.09459858387708664,0.07467764523624029,2085,2395,13,324,23,69,36,393
7,53,2432,121.6,0.16120903193950653,0.16054768798937424,2085,2566,13,324,23,69,36,393
7,54,2551,127.55,0.14650119841098785,0.14739853910649198,2512,2566,13,324,23,69,36,393
7,55,2589,129.45,0.17697131633758545,0.17229532129791114,2085,2609,13,324,23,69,36,393
7,56,2626,131.3,0.14094556868076324,0.12956061153433224,2609,2644,13,324,23,69,36,393
7,57,2658,132.9,0.16443467140197754,0.15007787393463873,2085,2673,13,324,23,69,36,393
7,58,2685,134.25,0.09129065275192261,0.0718190088791058,2673,2718,13,324,23,69,36,393
7,59,2745,137.25,0.05407894402742386,0.050042980900365366,2718,2763,13,324,23,69,36,393
7,60,2768,138.4,0.05955721437931061,0.05945497729288202,2718,2792,13,324,23,69,36,393
7,61,2786,139.3,0.06825946271419525,0.04796011062185836,2774,2792,13,324,23,69,36,393
7,62,2799,139.95,0.06564681231975555,0.08093544965839433,2673,3188,13,324,23,69,36,393
7,63,2837,141.85,0.04219209775328636,0.043083614813449515,2829,2843,13,324,23,69,36,393
7,64,2879,143.95,0.06695131212472916,0.07146511739523057,2829,3188,13,324,23,69,36,393
7,65,2958,147.9,0.05174761638045311,0.05172172329271345,2902,3009,13,324,23,69,36,393
7,66,2981,149.05,0.03832794353365898,0.04145720566221528,2972,3009,13,324,23,69,36,393
7,67,3043,152.15,0.03924797847867012,0.05570594337515902,2902,3054,13,324,23,69,36,393
7,68,3136,156.8,0.05278138816356659,0.06137180070199946,2902,3188,13,324,23,69,36,393
7,69,3236,161.8,0.08623456209897995,0.09926131252849178,2673,3299,13,324,23,69,36,393
7,70,3304,165.2,0.04730314016342163,0.041625402518529434,3299,3326,13,324,23,69,36,393
7,71,3346,167.3,0.10387130081653595,0.09669265531741952,2673,3389,13,324,23,69,36,393
7,72,3366,168.3,0.08945239335298538,0.045639376708169914,3356,3389,13,324,23,69,36,393
7,73,3492,174.6,0.04890955612063408,0.06319118196864561,3389,3565,13,324,23,69,36,393
7,74,3541,177.05,0.03711465001106262,0.044655475682190096,3508,3565,13,324,23,69,36,393
7,75,3619,180.95,0.052426423877477646,0.058009252255136486,3389,3740,13,324,23,69,36,393
7,76,3718,185.9,0.06793650984764099,0.04530481288391233,3648,3740,13,324,23,69,36,393
7,77,3754,187.7,0.060612402856349945,0.07802291383518836,3389,3822,13,324,23,69,36,393
7,78,3812,190.6,0.06404127925634384,0.05514167360005351,3790,3822,13,324,23,69,36,393
7,79,3829,191.45,0.027208678424358368,0.04761896219954414,3822,3840,13,324,23,69,36,393
7,80,3880,194.0,0.08918334543704987,0.12378030755107403,2673,3999,13,324,23,69,36,393
7,81,3901,195.05,0.09386909753084183,0.08450499720035679,3891,3999,13,324,23,69,36,393
7,82,3942,197.1,0.05552298575639725,0.0415558062549225,3914,3964,13,324,23,69,36,393
7,83,3986,199.3,0.06090450659394264,0.06346231304464044,3964,3999,13,324,23,69,36,393
7,84,4019,200.95,0.08069883286952972,0.06511875879244394,3999,4044,13,324,23,69,36,393
8,1,19,0.95,0.10296311229467392,0.0934679008767765,4,767,457,253,38,26,495,279
8,2,84,4.2,0.10756025463342667,0.08674606916523224,36,194,457,253,38,26,495,279
8,3,106,5.3,0.06523454934358597,0.051222182494870226,99,121,457,253,38,26,495,279
8,4,164,8.2,0.06618969142436981,0.07787817605239256,99,194,457,253,38,26,495,279
8,5,185,9.25,0.04120853543281555,0.04898586804403697,182,194,457,253,38,26,495,279
8,6,211,10.55,0.09175195544958115,0.10708206300914416,194,754,457,253,38,26,495,279
8,7,269,13.45,0.05611026659607887,0.05224521598302627,234,293,457,253,38,26,495,279
8,8,422,21.1,0.0603373683989048,0.053988169018454796,293,475,457,253,38,26,495,279
8,9,583,29.15,0.07085471600294113,0.07406660983992838,293,614,457,253,38,26,495,279
8,10,629,31.45,0.05719276890158653,0.04990970989474812,614,636,457,253,38,26,495,279
8,11,732,36.6,0.07467133551836014,0.045362754438997586,614,739,457,253,38,26,495,279
8,12,743,37.15,0.09883569180965424,0.08731740083077763,614,754,457,253,38,26,495,279
8,13,751,37.55,0.10198723524808884,0.10608661754237893,746,754,457,253,38,26,495,279
8,14,759,37.95,0.12635979056358337,0.14627211244841837,754,767,457,253,38,26,495,279
8,15,778,38.9,0.2221224009990692,0.27655892792011433,767,2608,457,253,38,26,495,279
8,16,789,39.45,0.1479267030954361,0.12309073827070738,784,1799,457,253,38,26,495,279
8,17,801,40.05,0.05372830107808113,0.07000711124479943,797,807,457,253,38,26,495,279
8,18,821,41.05,0.11229360103607178,0.16067214651532702,807,1002,457,253,38,26,495,279
8,19,833,41.65,0.11106013506650925,0.1160847874967142,825,907,457,253,38,26,495,279
8,20,842,42.1,0.07834484428167343,0.05551206491313945,837,907,457,253,38,26,495,279
8,21,929,46.45,0.14657233655452728,0.04550866406834661,907,945,457,253,38,26,495,279
8,22,965,48.25,0.1691289246082306,0.13327899711294092,907,1002,457,253,38,26,495,279
8,23,1040,52.0,0.0494452528655529,0.04990686577395892,1002,1047,457,253,38,26,495,279
8,24,1094,54.7,0.06309138238430023,0.07016211788954498,1002,1122,457,253,38,26,495,279
8,25,1193,59.65,0.07158603519201279,0.05683699629402275,1122,1212,457,253,38,26,495,279
8,26,1232,61.6,0.06930723041296005,0.06466898596568534,1002,1236,457,253,38,26,495,279
8,27,1258,62.9,0.11306499689817429,0.11818001824609399,1002,1709,457,253,38,26,495,279
8,28,1289,64.45,0.05443936958909035,0.06009501442339576,1277,1324,457,253,38,26,495,279
8,29,1352,67.6,0.07245246320962906,0.07783493916346751,1277,1442,457,253,38,26,495,279
8,30,1430,71.5,0.060543227940797806,0.06546429949020072,1379,1442,457,253,38,26,495,279
8,31,1463,73.15,0.062243618071079254,0.048676233189790655,1442,1492,457,253,38,26,495,279
8,32,1504,75.2,0.0508955679833889,0.053382539415771285,1442,1558,457,253,38,26,495,279
8,33,1566,78.3,0.07896385341882706,0.09304065974874479,1277,1709,457,253,38,26,495,279
8,34,1583,79.15,0.04860449582338333,0.05532532280221154,1571,1589,457,253,38,26,495,279
8,35,1615,80.75,0.0659836083650589,0.06122929577061106,1589,1677,457,253,38,26,495,279
8,36,1659,82.95,0.04387332871556282,0.044814293598010806,1656,1677,457,253,38,26,495,279
8,37,1682,84.1,0.07793685048818588,0.0803952077640994,1589,1709,457,253,38,26,495,279
8,38,1697,84.85,0.06232516095042229,0.05333903657024301,1686,1709,457,253,38,26,495,279
8,39,1720,86.0,0.09911565482616425,0.0728766881000873,1709,1729,457,253,38,26,495,279
8,40,1736,86.8,0.13012097775936127,0.06686895399905626,1709,1750,457,253,38,26,495,279
8,41,1764,88.2,0.12572947144508362,0.11823475598533047,1002,1773,457,253,38,26,495,279
8,42,1778,88.9,0.17559866607189178,0.1923423958853826,807,1799,457,253,38,26,495,279
8,43,1789,89.45,0.1527356654405594,0.10904604680271751,1783,1799,457,253,38,26,495,279
8,44,1804,90.2,0.0666615217924118,0.13467725484372156,1799,1808,457,253,38,26,495,279
8,45,1816,90.8,0.09451862424612045,0.13506392455328636,1799,1834,457,253,38,26,495,279
8,46,1828,91.4,0.06792622059583664,0.09245350104774963,1820,1834,457,253,38,26,495,279
8,47,1840,92.0,0.18165379762649536,0.22363784236848105,1799,1998,457,253,38,26,495,279
8,48,1869,93.45,0.14296337962150574,0.13146576807764887,1854,1998,457,253,38,26,495,279
8,49,1901,95.05,0.10639237612485886,0.054606846486669205,1895,1920,457,253,38,26,495,279
8,50,1930,96.5,0.10334256291389465,0.10232868509036794,1920,1998,457,253,38,26,495,279
8,51,1988,99.4,0.06177482008934021,0.050318463595373016,1967,1998,457,253,38,26,495,279
8,52,2003,100.15,0.19269320368766785,0.16955628369963657,1998,2083,457,253,38,26,495,279
8,53,2047,102.35,0.198531374335289,0.08370977173168498,2034,2083,457,253,38,26,495,279
8,54,2275,113.75,0.06852833926677704,0.07846853282539869,2083,2364,457,253,38,26,495,279
8,55,2375,118.75,0.10695675760507584,0.11559662842329119,2083,2397,457,253,38,26,495,279
8,56,2432,121.6,0.20609721541404724,0.24235879620224968,1799,2507,457,253,38,26,495,279
8,57,2552,127.6,0.2533682584762573,0.2599879896465914,1799,2608,457,253,38,26,495,279
8,58,2589,129.45,0.19496504962444305,0.1322688411867558,2566,2608,457,253,38,26,495,279
8,59,2630,131.5,0.1624516397714615,0.13907563387053518,2608,3389,457,253,38,26,495,279
8,60,2683,134.15,0.12066957354545593,0.09540181925229221,2665,3389,457,253,38,26,495,279
8,61,2746,137.3,0.06639920175075531,0.059706759162466025,2698,2755,457,253,38,26,495,279
8,62,2767,138.35,0.08637447655200958,0.09889139454239149,2698,3278,457,253,38,26,495,279
8,63,2799,139.95,0.05528830736875534,0.05087621034427545,2793,2806,457,253,38,26,495,279
8,64,2838,141.9,0.0702202171087265,0.0632771868263414,2806,2860,457,253,38,26,495,279
8,65,2881,144.05,0.0684935450553894,0.06886738534782672,2860,3009,457,253,38,26,495,279
8,66,2908,145.4,0.047937870025634766,0.05193417060700608,2896,2932,457,253,38,26,495,279
8,67,2958,147.9,0.048698775470256805,0.058558102420687694,2932,3009,457,253,38,26,495,279
8,68,3068,153.4,0.06370486319065094,0.06748695186404885,2860,3190,457,253,38,26,495,279
8,69,3181,159.05,0.04385107010602951,0.0547178612488688,3139,3190,457,253,38,26,495,279
8,70,3205,160.25,0.044176969677209854,0.046058023956263086,3190,3208,457,253,38,26,495,279
8,71,3212,160.6,0.09210547059774399,0.087686779790554,2860,3278,457,253,38,26,495,279
8,72,3293,164.65,0.04464123770594597,0.05443434718124739,3278,3299,457,253,38,26,495,279
8,73,3346,167.3,0.09302213042974472,0.06328716816587615,3278,3349,457,253,38,26,495,279
8,74,3366,168.3,0.1024620309472084,0.11589520008431167,3278,3389,457,253,38,26,495,279
8,75,3467,173.35,0.07631470263004303,0.08443618278050127,3389,3587,457,253,38,26,495,279
8,76,3539,176.95,0.0565640851855278,0.05437092019638504,3522,3587,457,253,38,26,495,279
8,77,3632,181.6,0.05784062668681145,0.07393775629583699,3587,3798,457,253,38,26,495,279
8,78,3771,188.55,0.058631300926208496,0.05159312592705408,3740,3798,457,253,38,26,495,279
8,79,3819,190.95,0.06731130182743073,0.05678391079078618,3587,3823,457,253,38,26,495,279
8,80,3827,191.35,0.06034037470817566,0.0796203359817668,3587,3841,457,253,38,26,495,279
8,81,3851,192.55,0.09493257850408554,0.1109348673033703,3389,3999,457,253,38,26,495,279
8,82,3875,193.75,0.08562641590833664,0.08061637555994003,3863,3999,457,253,38,26,495,279
8,83,3897,194.85,0.0747629702091217,0.05818859107984855,3890,3913,457,253,38,26,495,279
8,84,3942,197.1,0.05973603576421738,0.04670327972678828,3913,3964,457,253,38,26,495,279
8,85,3981,199.05,0.10945410281419754,0.09956978262524258,3913,3999,457,253,38,26,495,279
9,1,20,1.0,0.10920248180627823,0.07060124815707916,0,784,134,252,35,23,169,275
9,2,62,3.1,0.09386420249938965,0.06917450451895728,37,188,134,252,35,23,169,275
9,3,116,5.8,0.06954801082611084,0.047841256170972186,94,121,134,252,35,23,169,275
9,4,160,8.0,0.11838022619485855,0.08659786543589326,94,188,134,252,35,23,169,275
9,5,211,10.55,0.09422782063484192,0.0921124424562987,188,766,134,252,35,23,169,275
9,6,348,17.4,0.05805231258273125,0.04595216329284342,309,375,134,252,35,23,169,275
9,7,415,20.75,0.044237248599529266,0.04691237827508721,375,460,134,252,35,23,169,275
9,8,471,23.55,0.05216025188565254,0.048054490212376025,375,475,134,252,35,23,169,275
9,9,481,24.05,0.04328131675720215,0.052064791338666684,375,640,134,252,35,23,169,275
9,10,590,29.5,0.040072500705718994,0.0450592699874867,576,640,134,252,35,23,169,275
9,11,698,34.9,0.05745142698287964,0.04753672339223122,375,725,134,252,35,23,169,275
9,12,743,37.15,0.07681004703044891,0.062233795600786575,375,754,134,252,35,23,169,275
9,13,758,37.9,0.09008648991584778,0.08922525770557276,375,766,134,252,35,23,169,275
9,14,763,38.15,0.04937584325671196,0.04800060482794741,761,766,134,252,35,23,169,275
9,15,770,38.5,0.08337345719337463,0.09130572251301095,188,774,134,252,35,23,169,275
9,16,778,38.9,0.10668158531188965,0.10508764278622412,188,784,134,252,35,23,169,275
9,17,790,39.5,0.12581057846546173,0.17444182859651763,784,918,134,252,35,23,169,275
9,18,821,41.05,0.11163140833377838,0.15092943922251248,805,918,134,252,35,23,169,275
9,19,833,41.65,0.08520764857530594,0.09610134398792333,826,918,134,252,35,23,169,275
9,20,841,42.05,0.0372895672917366,0.04353350997274616,837,918,134,252,35,23,169,275
9,21,938,46.9,0.22406281530857086,0.042560695668653725,918,948,134,252,35,23,169,275
9,22,966,48.3,0.23404669761657715,0.04678273248709718,918,977,134,252,35,23,169,275
9,23,998,49.9,0.25625085830688477,0.22248552548918452,784,1998,134,252,35,23,169,275
9,24,1008,50.4,0.06692689657211304,0.06409197891689827,1005,1015,134,252,35,23,169,275
9,25,1028,51.4,0.07167918980121613,0.048630283189098275,1015,1038,134,252,35,23,169,275
9,26,1066,53.3,0.05608246102929115,0.06171047595091286,1015,1212,134,252,35,23,169,275
9,27,1192,59.6,0.08550194650888443,0.05389183833408287,1097,1212,134,252,35,23,169,275
9,28,1232,61.6,0.07013772428035736,0.061805720376616774,1015,1253,134,252,35,23,169,275
9,29,1258,62.9,0.10827666521072388,0.11450424021115012,1015,1800,134,252,35,23,169,275
9,30,1302,65.1,0.039871327579021454,0.045193820549412636,1277,1323,134,252,35,23,169,275
9,31,1357,67.85,0.07650423049926758,0.06454258202861055,1277,1417,134,252,35,23,169,275
9,32,1394,69.7,0.06457550078630447,0.054396234500623135,1380,1417,134,252,35,23,169,275
9,33,1422,71.1,0.05329854413866997,0.05675861532861814,1417,1441,134,252,35,23,169,275
9,34,1482,74.1,0.08187726885080338,0.08206714387683023,1417,1569,134,252,35,23,169,275
9,35,1504,75.2,0.04793873429298401,0.04711838016780741,1493,1569,134,252,35,23,169,275
9,36,1551,77.55,0.04861928150057793,0.04364209422038748,1539,1569,134,252,35,23,169,275
9,37,1607,80.35,0.07657264173030853,0.09902736404211673,1569,1800,134,252,35,23,169,275
9,38,1689,84.45,0.06579803675413132,0.06983748724068678,1678,1713,134,252,35,23,169,275
9,39,1720,86.0,0.04876595735549927,0.0604514943919732,1713,1729,134,252,35,23,169,275
9,40,1741,87.05,0.0639968141913414,0.07389246790718018,1713,1800,134,252,35,23,169,275
9,41,1795,89.75,0.05989227443933487,0.0498714965702296,1792,1800,134,252,35,23,169,275
9,42,1805,90.25,0.12553849816322327,0.12525539966998567,1015,1809,134,252,35,23,169,275
9,43,1816,90.8,0.13664431869983673,0.22599407402737978,1015,1998,134,252,35,23,169,275
9,44,1850,92.5,0.06693204492330551,0.058850069166604305,1830,1854,134,252,35,23,169,275
9,45,1859,92.95,0.11858466267585754,0.22685062796712746,1830,1998,134,252,35,23,169,275
9,46,1880,94.0,0.10876196622848511,0.045364739208093384,1875,1919,134,252,35,23,169,275
9,47,1905,95.25,0.09802744537591934,0.06796400115926854,1890,1919,134,252,35,23,169,275
9,48,1930,96.5,0.11042076349258423,0.10179583293938206,1919,1998,134,252,35,23,169,275
9,49,1959,97.95,0.06864003837108612,0.043236388456543706,1955,1998,134,252,35,23,169,275
9,50,2002,100.1,0.2923310101032257,0.2799352242836572,1998,2082,134,252,35,23,169,275
9,51,2055,102.75,0.2622624635696411,0.04220450299649356,2033,2059,134,252,35,23,169,275
9,52,2074,103.7,0.2716083824634552,0.07789551393119148,2033,2082,134,252,35,23,169,275
9,53,2211,110.55,0.054186489433050156,0.07296462844830058,2082,2357,134,252,35,23,169,275
9,54,2274,113.7,0.040086500346660614,0.046807830285278296,2237,2357,134,252,35,23,169,275
9,55,2310,115.5,0.054499633610248566,0.04915949472748085,2304,2357,134,252,35,23,169,275
9,56,2375,118.75,0.09358461201190948,0.08608629373827598,2082,2403,134,252,35,23,169,275
9,57,2432,121.6,0.18120594322681427,0.18305362730683822,2082,2566,134,252,35,23,169,275
9,58,2535,126.75,0.1431281566619873,0.044517184123318336,2467,2542,134,252,35,23,169,275
9,59,2551,127.55,0.14594604074954987,0.1432450816091601,2467,2566,134,252,35,23,169,275
9,60,2589,129.45,0.16101127862930298,0.15496367867600636,2566,2609,134,252,35,23,169,275
9,61,2626,131.3,0.12970925867557526,0.11979173962242787,2609,3999,134,252,35,23,169,275
9,62,2662,133.1,0.08446850627660751,0.04772766438250092,2645,2673,134,252,35,23,169,275
9,63,2686,134.3,0.07848533242940903,0.06999639026132198,2645,2730,134,252,35,23,169,275
9,64,2702,135.1,0.04811358079314232,0.04303830722561995,2694,2730,134,252,35,23,169,275
9,65,2748,137.4,0.07082374393939972,0.07420995808669714,2645,2773,134,252,35,23,169,275
9,66,2786,139.3,0.06951828300952911,0.05415916220807357,2773,2792,134,252,35,23,169,275
9,67,2798,139.9,0.09702088683843613,0.08904484077147311,2645,3299,134,252,35,23,169,275
9,68,2872,143.6,0.06726743280887604,0.06356630359581486,2829,2968,134,252,35,23,169,275
9,69,2958,147.9,0.03470514714717865,0.05162534735459569,2932,2968,134,252,35,23,169,275
9,70,2985,149.25,0.044573068618774414,0.04800012705099446,2968,3013,134,252,35,23,169,275
9,71,3062,153.1,0.05145501717925072,0.052558474458146,2968,3071,134,252,35,23,169,275
9,72,3102,155.1,0.07983299344778061,0.07458347854552523,2829,3197,134,252,35,23,169,275
9,73,3237,161.85,0.07554682344198227,0.08335113811393892,3197,3299,134,252,35,23,169,275
9,74,3346,167.3,0.07684065401554108,0.09666752294643002,3299,3999,134,252,35,23,169,275
9,75,3379,168.95,0.06193233281373978,0.044737044328661886,3355,3389,134,252,35,23,169,275
9,76,3400,170.0,0.05198949947953224,0.05836688448676901,3389,3436,134,252,35,23,169,275
9,77,3467,173.35,0.0468285046517849,0.05931267757812289,3389,3526,134,252,35,23,169,275
9,78,3543,177.15,0.049679361283779144,0.05233470331994286,3526,3566,134,252,35,23,169,275
9,79,3633,181.65,0.043122559785842896,0.06302084129553032,3389,3679,134,252,35,23,169,275
9,80,3704,185.2,0.049957502633333206,0.04697133254564621,3679,3708,134,252,35,23,169,275
9,81,3743,187.15,0.04209114983677864,0.046253666126248524,3679,3808,134,252,35,23,169,275
9,82,3819,190.95,0.0554826445877552,0.07685541574792362,3389,3840,134,252,35,23,169,275
9,83,3880,194.0,0.05447373911738396,0.06330619254755844,3840,3890,134,252,35,23,169,275
9,84,3901,195.05,0.07070916146039963,0.08389448835716887,3389,3999,134,252,35,23,169,275
9,85,3990,199.5,0.06426531821489334,0.050168963846369596,3967,3999,134,252,35,23,169,275
9,86,4015,200.75,0.08233438432216644,0.06570559741251539,3999,4040,134,252,35,23,169,275
10,1,20,1.0,0.10703069716691971,0.0885857761544943,4,188,496,434,25,32,521,466
10,2,74,3.7,0.07081142067909241,0.07729029758490502,39,121,496,434,25,32,521,466
10,3,160,8.0,0.09349311888217926,0.08356556137409313,39,188,496,434,25,32,521,466
10,4,176,8.8,0.05741813778877258,0.052319581887762465,166,188,496,434,25,32,521,466
10,5,211,10.55,0.10250654071569443,0.1178410269287574,188,729,496,434,25,32,521,466
10,6,254,12.7,0.043976787477731705,0.0454226601640054,234,259,496,434,25,32,521,466
10,7,393,19.65,0.05998600274324417,0.04459215784480901,234,397,496,434,25,32,521,466
10,8,422,21.1,0.06353074312210083,0.04460330532164558,234,461,496,434,25,32,521,466
10,9,470,23.5,0.05322016403079033,0.05940330386911537,234,485,496,434,25,32,521,466
10,10,481,24.05,0.038117751479148865,0.04975282170821578,475,485,496,434,25,32,521,466
10,11,550,27.5,0.06739199161529541,0.05262105547722266,485,580,496,434,25,32,521,466
10,12,583,29.15,0.0490332767367363,0.0701567554322308,485,729,496,434,25,32,521,466
10,13,628,31.4,0.049141161143779755,0.04788500313974828,607,707,496,434,25,32,521,466
10,14,668,33.4,0.029989631846547127,0.04509969803754407,640,707,496,434,25,32,521,466
10,15,680,34.0,0.052788570523262024,0.04346185743206894,672,707,496,434,25,32,521,466
10,16,717,35.85,0.08744002133607864,0.06332590143131075,707,729,496,434,25,32,521,466
10,17,736,36.8,0.14960721135139465,0.1542355177303891,188,784,496,434,25,32,521,466
10,18,763,38.15,0.11191733181476593,0.060016440594364326,746,766,496,434,25,32,521,466
10,19,769,38.45,0.12403198331594467,0.1577508725604528,746,784,496,434,25,32,521,466
10,20,778,38.9,0.15014612674713135,0.11947376245493582,774,784,496,434,25,32,521,466
10,21,789,39.45,0.17167262732982635,0.20453422657938666,784,1800,496,434,25,32,521,466
10,22,821,41.05,0.1141410619020462,0.0976972896330181,804,827,496,434,25,32,521,466
10,23,833,41.65,0.12483774870634079,0.1521974836534699,804,907,496,434,25,32,521,466
10,24,873,43.65,0.055938854813575745,0.04672225230735729,862,907,496,434,25,32,521,466
10,25,981,49.05,0.17686474323272705,0.04992337064020674,907,991,496,434,25,32,521,466
10,26,998,49.9,0.1815723031759262,0.18235192545250456,804,1800,496,434,25,32,521,466
10,27,1034,51.7,0.04073522984981537,0.06320834001793729,1012,1048,496,434,25,32,521,466
10,28,1074,53.7,0.05710512772202492,0.06965549489651052,1048,1270,496,434,25,32,521,466
10,29,1173,58.65,0.0628291442990303,0.05994067935683328,1150,1270,496,434,25,32,521,466
10,30,1258,62.9,0.07327409833669662,0.05599089902788289,1236,1270,496,434,25,32,521,466
10,31,1302,65.1,0.048562657088041306,0.04482004622508448,1270,1316,496,434,25,32,521,466
10,32,1338,66.9,0.048810333013534546,0.05833071266262569,1270,1380,496,434,25,32,521,466
10,33,1483,74.15,0.08124209195375443,0.11417072364992056,1048,1710,496,434,25,32,521,466
10,34,1523,76.15,0.0776764526963234,0.06854560988610743,1501,1538,496,434,25,32,521,466
10,35,1531,76.55,0.07325882464647293,0.048425187869315295,1526,1538,496,434,25,32,521,466
10,36,1549,77.45,0.08351147919893265,0.07703521398214078,1501,1571,496,434,25,32,521,466
10,37,1607,80.35,0.09131760895252228,0.0946379640256997,1571,1710,496,434,25,32,521,466
10,38,1666,83.3,0.07600831985473633,0.06940874684640017,1646,1710,496,434,25,32,521,466
10,39,1720,86.0,0.06824229657649994,0.08462914409389558,1710,1729,496,434,25,32,521,466
10,40,1749,87.45,0.12254650890827179,0.08449156969390778,1710,1770,496,434,25,32,521,466
10,41,1789,89.45,0.12441633641719818,0.14423162733252365,1710,1800,496,434,25,32,521,466
10,42,1806,90.3,0.1424466222524643,0.12475290840763249,1800,1811,496,434,25,32,521,466
10,43,1816,90.8,0.17410112917423248,0.21528030670712675,1800,1832,496,434,25,32,521,466
10,44,1841,92.05,0.07853645831346512,0.07912193665850455,1832,1854,496,434,25,32,521,466
10,45,1850,92.5,0.0741611123085022,0.06665144503119426,1846,1854,496,434,25,32,521,466
10,46,1860,93.0,0.12332436442375183,0.1715886328304721,1832,1998,496,434,25,32,521,466
10,47,1879,93.95,0.10346964746713638,0.054050158950888605,1866,1998,496,434,25,32,521,466
10,48,1904,95.2,0.08201402425765991,0.04801600884518317,1890,1922,496,434,25,32,521,466
10,49,1930,96.5,0.0942811667919159,0.09408268148624344,1922,1998,496,434,25,32,521,466
10,50,1944,97.2,0.05560419335961342,0.04720705338110125,1939,1998,496,434,25,32,521,466
10,51,2002,100.1,0.22927002608776093,0.1944657097668125,1832,2083,496,434,25,32,521,466
10,52,2047,102.35,0.22735700011253357,0.08960018345159647,2034,2083,496,434,25,32,521,466
10,53,2075,103.75,0.18617866933345795,0.04899462665232804,2060,2083,496,434,25,32,521,466
10,54,2211,110.55,0.04807700589299202,0.0838360707173802,2083,2357,496,434,25,32,521,466
10,55,2227,111.35,0.028328152373433113,0.04530314976129153,2219,2236,496,434,25,32,521,466
10,56,2276,113.8,0.036242272704839706,0.04594962312731199,2236,2357,496,434,25,32,521,466
10,57,2375,118.75,0.08640152961015701,0.0803857297162219,2357,2396,496,434,25,32,521,466
10,58,2432,121.6,0.17507220804691315,0.160173246492622,2083,2468,496,434,25,32,521,466
10,59,2531,126.55,0.12371876835823059,0.06919292370526665,2468,2539,496,434,25,32,521,466
10,60,2552,127.6,0.17492839694023132,0.17820161880537067,2083,2609,496,434,25,32,521,466
10,61,2593,129.65,0.09515897929668427,0.10882140127416927,2572,2609,496,434,25,32,521,466
10,62,2623,131.15,0.13469375669956207,0.1360304846320622,2609,2649,496,434,25,32,521,466
10,63,2691,134.55,0.12666504085063934,0.12317863100299256,2649,2735,496,434,25,32,521,466
10,64,2746,137.3,0.08418462425470352,0.08309354897558725,2735,2774,496,434,25,32,521,466
10,65,2799,139.95,0.09192482382059097,0.11867355731576212,2735,3283,496,434,25,32,521,466
10,66,2819,140.95,0.04807867482304573,0.04383916163301823,2809,2829,496,434,25,32,521,466
10,67,2872,143.6,0.0641292855143547,0.06975893914483458,2829,2994,496,434,25,32,521,466
10,68,2909,145.45,0.07242602854967117,0.04803717649890068,2896,2994,496,434,25,32,521,466
10,69,3024,151.2,0.03084563836455345,0.04439143173355943,2994,3038,496,434,25,32,521,466
10,70,3075,153.75,0.052609700709581375,0.059298012910645126,2994,3161,496,434,25,32,521,466
10,71,3174,158.7,0.07125003635883331,0.05459777233484006,3161,3196,496,434,25,32,521,466
10,72,3237,161.85,0.09730064868927002,0.09552614956065775,2829,3283,496,434,25,32,521,466
10,73,3345,167.25,0.08622435480356216,0.10615435038269964,3283,3884,496,434,25,32,521,466
10,74,3366,168.3,0.07574158161878586,0.049536606542131635,3361,3884,496,434,25,32,521,466
10,75,3415,170.75,0.07129736244678497,0.08088206441813148,3389,3435,496,434,25,32,521,466
10,76,3536,176.8,0.04362887144088745,0.05784547409831065,3435,3565,496,434,25,32,521,466
10,77,3632,181.6,0.06036130338907242,0.0897864600094827,3435,3884,496,434,25,32,521,466
10,78,3703,185.15,0.04210841655731201,0.04748794586971146,3675,3740,496,434,25,32,521,466
10,79,3811,190.55,0.04096325486898422,0.05068587083971145,3675,3823,496,434,25,32,521,466
10,80,3819,190.95,0.0393681637942791,0.04374903011586953,3816,3823,496,434,25,32,521,466
10,81,3830,191.5,0.07526528090238571,0.06752897787345696,3823,3884,496,434,25,32,521,466
10,82,3875,193.75,0.06647585332393646,0.07492054753294353,3840,3884,496,434,25,32,521,466
10,83,3900,195.0,0.09938786923885345,0.104378990028066,3283,3962,496,434,25,32,521,466
10,84,3991,199.55,0.03917291387915611,0.05439391243108676,3962,3998,496,434,25,32,521,466
